pollster,numeric_grade,pollscore,state,end_date,candidate_name,sample_size,pct,num_harris
AtlasIntel,2.7,-0.8,Arizona,2024-10-29,Kamala Harris,1458,46.4,677
AtlasIntel,2.7,-0.8,Arizona,2024-10-29,Kamala Harris,1458,47.3,690
AtlasIntel,2.7,-0.8,Georgia,2024-10-29,Kamala Harris,1429,47.1,673
AtlasIntel,2.7,-0.8,Georgia,2024-10-29,Kamala Harris,1429,47.5,679
AtlasIntel,2.7,-0.8,Michigan,2024-10-29,Kamala Harris,983,47.9,471
AtlasIntel,2.7,-0.8,Michigan,2024-10-29,Kamala Harris,983,48.1,473
AtlasIntel,2.7,-0.8,Nevada,2024-10-29,Kamala Harris,1083,47.5,514
AtlasIntel,2.7,-0.8,Nevada,2024-10-29,Kamala Harris,1083,47.6,516
AtlasIntel,2.7,-0.8,North Carolina,2024-10-29,Kamala Harris,1665,48.5,808
AtlasIntel,2.7,-0.8,North Carolina,2024-10-29,Kamala Harris,1665,48.9,814
AtlasIntel,2.7,-0.8,Pennsylvania,2024-10-29,Kamala Harris,1299,46.6,605
AtlasIntel,2.7,-0.8,Pennsylvania,2024-10-29,Kamala Harris,1299,46.9,609
AtlasIntel,2.7,-0.8,Wisconsin,2024-10-29,Kamala Harris,1470,48.1,707
AtlasIntel,2.7,-0.8,Wisconsin,2024-10-29,Kamala Harris,1470,48.5,713
YouGov,3,-1.1,Pennsylvania,2024-10-28,Kamala Harris,1273,49,624
YouGov,3,-1.1,Other,2024-10-28,Kamala Harris,1206,40,482
YouGov,3,-1.1,Other,2024-10-28,Kamala Harris,408,43,175
YouGov,3,-1.1,Other,2024-10-28,Kamala Harris,393,52,204
YouGov,3,-1.1,Other,2024-10-28,Kamala Harris,404,25,101
Emerson,2.9,-1.1,Michigan,2024-10-27,Kamala Harris,1000,49.3,493
Emerson,2.9,-1.1,Massachusetts,2024-10-26,Kamala Harris,1000,60.2,602
Siena/NYT,3,-1.5,Texas,2024-10-26,Kamala Harris,1180,41,484
Siena/NYT,3,-1.5,Texas,2024-10-26,Kamala Harris,1180,40,472
Siena/NYT,3,-1.5,Texas,2024-10-26,Kamala Harris,1180,42,496
Siena/NYT,3,-1.5,Texas,2024-10-26,Kamala Harris,1180,40,472
Siena/NYT,3,-1.5,Other,2024-10-26,Kamala Harris,1194,40,478
Siena/NYT,3,-1.5,Other,2024-10-26,Kamala Harris,1194,38,454
Siena/NYT,3,-1.5,Other,2024-10-26,Kamala Harris,1194,40,478
Siena/NYT,3,-1.5,Other,2024-10-26,Kamala Harris,1194,39,466
Siena/NYT,3,-1.5,Other,2024-10-26,Kamala Harris,500,54,270
Siena/NYT,3,-1.5,Other,2024-10-26,Kamala Harris,500,53,265
Emerson,2.9,-1.1,Montana,2024-10-25,Kamala Harris,1000,39.6,396
CES / YouGov,3,-1.1,Arizona,2024-10-25,Kamala Harris,2077,49,1018
CES / YouGov,3,-1.1,Arizona,2024-10-25,Kamala Harris,2066,47,971
CES / YouGov,3,-1.1,Florida,2024-10-25,Kamala Harris,5952,47,2797
CES / YouGov,3,-1.1,Florida,2024-10-25,Kamala Harris,5916,46,2721
CES / YouGov,3,-1.1,Georgia,2024-10-25,Kamala Harris,2682,48,1287
CES / YouGov,3,-1.1,Georgia,2024-10-25,Kamala Harris,2663,46,1225
CES / YouGov,3,-1.1,Michigan,2024-10-25,Kamala Harris,2347,52,1220
CES / YouGov,3,-1.1,Michigan,2024-10-25,Kamala Harris,2336,51,1191
CES / YouGov,3,-1.1,Minnesota,2024-10-25,Kamala Harris,1278,52,665
CES / YouGov,3,-1.1,Minnesota,2024-10-25,Kamala Harris,1275,53,676
CES / YouGov,3,-1.1,Nevada,2024-10-25,Kamala Harris,940,53,498
CES / YouGov,3,-1.1,Nevada,2024-10-25,Kamala Harris,933,51,476
CES / YouGov,3,-1.1,New Hampshire,2024-10-25,Kamala Harris,380,52,198
CES / YouGov,3,-1.1,New Hampshire,2024-10-25,Kamala Harris,375,52,195
CES / YouGov,3,-1.1,North Carolina,2024-10-25,Kamala Harris,2330,49,1142
CES / YouGov,3,-1.1,North Carolina,2024-10-25,Kamala Harris,2308,48,1108
CES / YouGov,3,-1.1,Ohio,2024-10-25,Kamala Harris,3120,45,1404
CES / YouGov,3,-1.1,Ohio,2024-10-25,Kamala Harris,3091,45,1391
CES / YouGov,3,-1.1,Pennsylvania,2024-10-25,Kamala Harris,3708,50,1854
CES / YouGov,3,-1.1,Pennsylvania,2024-10-25,Kamala Harris,3685,49,1806
CES / YouGov,3,-1.1,Texas,2024-10-25,Kamala Harris,6526,47,3067
CES / YouGov,3,-1.1,Texas,2024-10-25,Kamala Harris,6473,47,3042
CES / YouGov,3,-1.1,Virginia,2024-10-25,Kamala Harris,2027,53,1074
CES / YouGov,3,-1.1,Virginia,2024-10-25,Kamala Harris,2015,52,1048
CES / YouGov,3,-1.1,Wisconsin,2024-10-25,Kamala Harris,1552,51,792
CES / YouGov,3,-1.1,Wisconsin,2024-10-25,Kamala Harris,1542,50,771
Emerson,2.9,-1.1,New Hampshire,2024-10-23,Kamala Harris,915,50.9,466
Emerson,2.9,-1.1,Pennsylvania,2024-10-22,Kamala Harris,860,49,421
Emerson,2.9,-1.1,North Carolina,2024-10-22,Kamala Harris,950,48.2,458
Emerson,2.9,-1.1,Wisconsin,2024-10-22,Kamala Harris,800,49.2,394
Emerson,2.9,-1.1,Other,2024-10-22,Kamala Harris,825,36.5,301
Marist,2.9,-0.9,Georgia,2024-10-22,Kamala Harris,1356,49,664
Marist,2.9,-0.9,Georgia,2024-10-22,Kamala Harris,1193,49,585
Marist,2.9,-0.9,North Carolina,2024-10-22,Kamala Harris,1410,48,677
Marist,2.9,-0.9,North Carolina,2024-10-22,Kamala Harris,1226,48,588
Marist,2.9,-0.9,Arizona,2024-10-22,Kamala Harris,1329,49,651
Marist,2.9,-0.9,Arizona,2024-10-22,Kamala Harris,1193,49,585
Emerson,2.9,-1.1,Maryland,2024-10-21,Kamala Harris,865,64,554
Emerson,2.9,-1.1,Texas,2024-10-21,Kamala Harris,815,45.9,374
Quinnipiac,2.8,-0.5,Michigan,2024-10-21,Kamala Harris,1136,49,557
Quinnipiac,2.8,-0.5,Michigan,2024-10-21,Kamala Harris,1136,50,568
Quinnipiac,2.8,-0.5,Wisconsin,2024-10-21,Kamala Harris,1108,48,532
Quinnipiac,2.8,-0.5,Wisconsin,2024-10-21,Kamala Harris,1108,48,532
Emerson,2.9,-1.1,Florida,2024-10-20,Kamala Harris,860,45.9,395
AtlasIntel,2.7,-0.8,Arizona,2024-10-17,Kamala Harris,1440,48.6,700
AtlasIntel,2.7,-0.8,Arizona,2024-10-17,Kamala Harris,1440,49.3,710
AtlasIntel,2.7,-0.8,Georgia,2024-10-17,Kamala Harris,1411,48.1,679
AtlasIntel,2.7,-0.8,Georgia,2024-10-17,Kamala Harris,1411,48.4,683
AtlasIntel,2.7,-0.8,Michigan,2024-10-17,Kamala Harris,1529,46.8,716
AtlasIntel,2.7,-0.8,Michigan,2024-10-17,Kamala Harris,1529,47.3,723
AtlasIntel,2.7,-0.8,Nevada,2024-10-17,Kamala Harris,1171,48.1,563
AtlasIntel,2.7,-0.8,Nevada,2024-10-17,Kamala Harris,1171,48.4,567
AtlasIntel,2.7,-0.8,North Carolina,2024-10-17,Kamala Harris,1674,49.5,829
AtlasIntel,2.7,-0.8,North Carolina,2024-10-17,Kamala Harris,1674,50.5,845
AtlasIntel,2.7,-0.8,Pennsylvania,2024-10-17,Kamala Harris,2048,46.5,952
AtlasIntel,2.7,-0.8,Pennsylvania,2024-10-17,Kamala Harris,2048,47.4,971
AtlasIntel,2.7,-0.8,Wisconsin,2024-10-17,Kamala Harris,932,48.9,456
AtlasIntel,2.7,-0.8,Wisconsin,2024-10-17,Kamala Harris,932,49,457
YouGov,3,-1.1,California,2024-10-17,Kamala Harris,1139,63,718
YouGov,3,-1.1,California,2024-10-17,Kamala Harris,1139,63,718
YouGov,3,-1.1,Pennsylvania,2024-10-17,Kamala Harris,1062,50,531
YouGov,3,-1.1,Pennsylvania,2024-10-17,Kamala Harris,1043,50,522
YouGov,3,-1.1,Florida,2024-10-17,Kamala Harris,1094,46,503
YouGov,3,-1.1,Florida,2024-10-17,Kamala Harris,1076,46,495
YouGov,3,-1.1,Texas,2024-10-17,Kamala Harris,1108,45,499
YouGov,3,-1.1,Texas,2024-10-17,Kamala Harris,1075,46,494
YouGov,3,-1.1,New York,2024-10-17,Kamala Harris,1089,58,632
YouGov,3,-1.1,New York,2024-10-17,Kamala Harris,1089,58,632
YouGov,3,-1.1,Arizona,2024-10-16,Kamala Harris,1435,48,689
Emerson,2.9,-1.1,California,2024-10-14,Kamala Harris,1000,61,610
Quinnipiac,2.8,-0.5,Georgia,2024-10-14,Kamala Harris,1328,45,598
Quinnipiac,2.8,-0.5,Georgia,2024-10-14,Kamala Harris,1328,46,611
Quinnipiac,2.8,-0.5,North Carolina,2024-10-14,Kamala Harris,1031,49,505
Quinnipiac,2.8,-0.5,North Carolina,2024-10-14,Kamala Harris,1031,50,516
Siena/NYT,3,-1.5,Pennsylvania,2024-10-10,Kamala Harris,857,50,428
Siena/NYT,3,-1.5,Pennsylvania,2024-10-10,Kamala Harris,857,49,420
Siena/NYT,3,-1.5,Pennsylvania,2024-10-10,Kamala Harris,857,50,428
Siena/NYT,3,-1.5,Pennsylvania,2024-10-10,Kamala Harris,857,49,420
Siena/NYT,3,-1.5,Arizona,2024-10-10,Kamala Harris,808,46,372
Siena/NYT,3,-1.5,Arizona,2024-10-10,Kamala Harris,808,45,364
Siena/NYT,3,-1.5,Arizona,2024-10-10,Kamala Harris,808,45,364
Siena/NYT,3,-1.5,Arizona,2024-10-10,Kamala Harris,808,44,356
YouGov,3,-1.1,Texas,2024-10-10,Kamala Harris,1091,46,502
Emerson,2.9,-1.1,Arizona,2024-10-08,Kamala Harris,1000,48.2,482
Emerson,2.9,-1.1,Georgia,2024-10-08,Kamala Harris,1000,49.8,498
Emerson,2.9,-1.1,Michigan,2024-10-08,Kamala Harris,950,49.7,472
Emerson,2.9,-1.1,Nevada,2024-10-08,Kamala Harris,900,49.2,443
Emerson,2.9,-1.1,North Carolina,2024-10-08,Kamala Harris,1000,49,490
Emerson,2.9,-1.1,Pennsylvania,2024-10-08,Kamala Harris,1000,49,490
Emerson,2.9,-1.1,Wisconsin,2024-10-08,Kamala Harris,1000,49.2,492
Siena/NYT,3,-1.5,Montana,2024-10-08,Kamala Harris,656,39,256
Siena/NYT,3,-1.5,Montana,2024-10-08,Kamala Harris,656,38,249
Siena/NYT,3,-1.5,Montana,2024-10-08,Kamala Harris,656,40,262
Siena/NYT,3,-1.5,Montana,2024-10-08,Kamala Harris,656,39,256
Quinnipiac,2.8,-0.5,Michigan,2024-10-07,Kamala Harris,1007,47,473
Quinnipiac,2.8,-0.5,Michigan,2024-10-07,Kamala Harris,1007,47,473
Quinnipiac,2.8,-0.5,Pennsylvania,2024-10-07,Kamala Harris,1412,49,692
Quinnipiac,2.8,-0.5,Pennsylvania,2024-10-07,Kamala Harris,1412,49,692
Quinnipiac,2.8,-0.5,Wisconsin,2024-10-07,Kamala Harris,1073,46,494
Quinnipiac,2.8,-0.5,Wisconsin,2024-10-07,Kamala Harris,1073,47,504
Marist,2.9,-0.9,Florida,2024-10-07,Kamala Harris,1257,47,591
Marist,2.9,-0.9,Florida,2024-10-07,Kamala Harris,1410,47,663
Marist,2.9,-0.9,Texas,2024-10-07,Kamala Harris,1365,46,628
Marist,2.9,-0.9,Texas,2024-10-07,Kamala Harris,1186,46,546
Marist,2.9,-0.9,Ohio,2024-10-07,Kamala Harris,1511,46,695
Marist,2.9,-0.9,Ohio,2024-10-07,Kamala Harris,1327,46,610
Siena/NYT,3,-1.5,Florida,2024-10-06,Kamala Harris,622,41,255
Siena/NYT,3,-1.5,Florida,2024-10-06,Kamala Harris,622,40,249
Siena/NYT,3,-1.5,Florida,2024-10-06,Kamala Harris,622,41,255
Siena/NYT,3,-1.5,Florida,2024-10-06,Kamala Harris,622,40,249
Siena/NYT,3,-1.5,Texas,2024-10-04,Kamala Harris,617,44,271
Siena/NYT,3,-1.5,Texas,2024-10-04,Kamala Harris,617,42,259
Siena/NYT,3,-1.5,Texas,2024-10-04,Kamala Harris,617,44,271
Siena/NYT,3,-1.5,Texas,2024-10-04,Kamala Harris,617,41,253
Quinnipiac,2.8,-0.5,North Carolina,2024-09-29,Kamala Harris,953,47,448
Quinnipiac,2.8,-0.5,North Carolina,2024-09-29,Kamala Harris,953,48,457
Quinnipiac,2.8,-0.5,Georgia,2024-09-29,Kamala Harris,942,44,414
Quinnipiac,2.8,-0.5,Georgia,2024-09-29,Kamala Harris,942,45,424
Emerson,2.9,-1.1,Arizona,2024-09-28,Kamala Harris,920,47.6,438
Emerson,2.9,-1.1,North Carolina,2024-09-28,Kamala Harris,850,49.1,417
Emerson,2.9,-1.1,Pennsylvania,2024-09-28,Kamala Harris,1000,49.3,493
Siena/NYT,3,-1.5,Other,2024-09-26,Kamala Harris,680,51,347
Siena/NYT,3,-1.5,Other,2024-09-26,Kamala Harris,680,49,333
Siena/NYT,3,-1.5,Other,2024-09-26,Kamala Harris,680,52,354
Siena/NYT,3,-1.5,Other,2024-09-26,Kamala Harris,680,51,347
Siena/NYT,3,-1.5,Michigan,2024-09-26,Kamala Harris,688,45,310
Siena/NYT,3,-1.5,Michigan,2024-09-26,Kamala Harris,688,43,296
Siena/NYT,3,-1.5,Michigan,2024-09-26,Kamala Harris,688,48,330
Siena/NYT,3,-1.5,Michigan,2024-09-26,Kamala Harris,688,46,316
Siena/NYT,3,-1.5,Ohio,2024-09-26,Kamala Harris,687,45,309
Siena/NYT,3,-1.5,Ohio,2024-09-26,Kamala Harris,687,44,302
Siena/NYT,3,-1.5,Ohio,2024-09-26,Kamala Harris,687,44,302
Siena/NYT,3,-1.5,Ohio,2024-09-26,Kamala Harris,687,43,295
Siena/NYT,3,-1.5,Wisconsin,2024-09-26,Kamala Harris,680,49,333
Siena/NYT,3,-1.5,Wisconsin,2024-09-26,Kamala Harris,680,48,326
Siena/NYT,3,-1.5,Wisconsin,2024-09-26,Kamala Harris,680,49,333
Siena/NYT,3,-1.5,Wisconsin,2024-09-26,Kamala Harris,680,48,326
Emerson,2.9,-1.1,New York,2024-09-25,Kamala Harris,1000,55.5,555
AtlasIntel,2.7,-0.8,Arizona,2024-09-25,Kamala Harris,946,48.6,460
AtlasIntel,2.7,-0.8,Arizona,2024-09-25,Kamala Harris,946,48.6,460
AtlasIntel,2.7,-0.8,Michigan,2024-09-25,Kamala Harris,918,46.6,428
AtlasIntel,2.7,-0.8,Michigan,2024-09-25,Kamala Harris,918,47.2,433
AtlasIntel,2.7,-0.8,Nevada,2024-09-25,Kamala Harris,858,50.6,434
AtlasIntel,2.7,-0.8,Nevada,2024-09-25,Kamala Harris,858,50.5,433
AtlasIntel,2.7,-0.8,Pennsylvania,2024-09-25,Kamala Harris,1775,48,852
AtlasIntel,2.7,-0.8,Pennsylvania,2024-09-25,Kamala Harris,1775,48.1,854
AtlasIntel,2.7,-0.8,Wisconsin,2024-09-25,Kamala Harris,1077,48.2,519
AtlasIntel,2.7,-0.8,Wisconsin,2024-09-25,Kamala Harris,1077,48.2,519
AtlasIntel,2.7,-0.8,North Carolina,2024-09-25,Kamala Harris,1173,50.8,596
AtlasIntel,2.7,-0.8,North Carolina,2024-09-25,Kamala Harris,1173,50.5,592
AtlasIntel,2.7,-0.8,Georgia,2024-09-25,Kamala Harris,1200,49,588
AtlasIntel,2.7,-0.8,Georgia,2024-09-25,Kamala Harris,1200,49,588
Emerson,2.9,-1.1,Texas,2024-09-24,Kamala Harris,950,46.7,444
Emerson,2.9,-1.1,Virginia,2024-09-24,Kamala Harris,860,52.7,453
YouGov,3,-1.1,Georgia,2024-09-24,Kamala Harris,1441,49,706
Beacon/Shaw,2.8,-1.1,Arizona,2024-09-24,Kamala Harris,1021,47,480
Beacon/Shaw,2.8,-1.1,Arizona,2024-09-24,Kamala Harris,764,47,359
Beacon/Shaw,2.8,-1.1,Arizona,2024-09-24,Kamala Harris,1021,48,490
Beacon/Shaw,2.8,-1.1,Arizona,2024-09-24,Kamala Harris,764,48,367
Beacon/Shaw,2.8,-1.1,Georgia,2024-09-24,Kamala Harris,1006,49,493
Beacon/Shaw,2.8,-1.1,Georgia,2024-09-24,Kamala Harris,707,50,354
Beacon/Shaw,2.8,-1.1,Georgia,2024-09-24,Kamala Harris,1006,51,513
Beacon/Shaw,2.8,-1.1,Georgia,2024-09-24,Kamala Harris,707,51,361
Beacon/Shaw,2.8,-1.1,North Carolina,2024-09-24,Kamala Harris,787,47,370
Beacon/Shaw,2.8,-1.1,North Carolina,2024-09-24,Kamala Harris,991,48,476
Beacon/Shaw,2.8,-1.1,North Carolina,2024-09-24,Kamala Harris,787,49,386
Beacon/Shaw,2.8,-1.1,North Carolina,2024-09-24,Kamala Harris,991,50,496
Beacon/Shaw,2.8,-1.1,Pennsylvania,2024-09-24,Kamala Harris,775,47,364
Beacon/Shaw,2.8,-1.1,Pennsylvania,2024-09-24,Kamala Harris,1021,48,490
Beacon/Shaw,2.8,-1.1,Pennsylvania,2024-09-24,Kamala Harris,775,49,380
Beacon/Shaw,2.8,-1.1,Pennsylvania,2024-09-24,Kamala Harris,1021,50,510
Marist,2.9,-0.9,Arizona,2024-09-24,Kamala Harris,1416,48,680
Marist,2.9,-0.9,Arizona,2024-09-24,Kamala Harris,1264,49,619
Marist,2.9,-0.9,North Carolina,2024-09-24,Kamala Harris,1507,49,738
Marist,2.9,-0.9,North Carolina,2024-09-24,Kamala Harris,1348,49,661
Marist,2.9,-0.9,Georgia,2024-09-24,Kamala Harris,1420,49,696
Marist,2.9,-0.9,Georgia,2024-09-24,Kamala Harris,1220,49,598
Siena/NYT,3,-1.5,Arizona,2024-09-21,Kamala Harris,713,45,321
Siena/NYT,3,-1.5,Arizona,2024-09-21,Kamala Harris,713,45,321
Siena/NYT,3,-1.5,Arizona,2024-09-21,Kamala Harris,713,42,299
Siena/NYT,3,-1.5,Arizona,2024-09-21,Kamala Harris,713,43,307
Siena/NYT,3,-1.5,Georgia,2024-09-21,Kamala Harris,682,44,300
Siena/NYT,3,-1.5,Georgia,2024-09-21,Kamala Harris,682,45,307
Siena/NYT,3,-1.5,Georgia,2024-09-21,Kamala Harris,682,43,293
Siena/NYT,3,-1.5,Georgia,2024-09-21,Kamala Harris,682,44,300
Siena/NYT,3,-1.5,North Carolina,2024-09-21,Kamala Harris,682,47,321
Siena/NYT,3,-1.5,North Carolina,2024-09-21,Kamala Harris,682,47,321
Siena/NYT,3,-1.5,North Carolina,2024-09-21,Kamala Harris,682,46,314
Siena/NYT,3,-1.5,North Carolina,2024-09-21,Kamala Harris,682,45,307
Emerson,2.9,-1.1,Arizona,2024-09-18,Kamala Harris,868,48.7,423
Emerson,2.9,-1.1,Georgia,2024-09-18,Kamala Harris,975,48.2,470
Emerson,2.9,-1.1,Michigan,2024-09-18,Kamala Harris,875,50,438
Emerson,2.9,-1.1,Nevada,2024-09-18,Kamala Harris,895,48.8,437
Emerson,2.9,-1.1,Pennsylvania,2024-09-18,Kamala Harris,880,49.6,436
Emerson,2.9,-1.1,North Carolina,2024-09-18,Kamala Harris,1000,49.7,497
Emerson,2.9,-1.1,Wisconsin,2024-09-18,Kamala Harris,1000,48.7,487
Marist,2.9,-0.9,Pennsylvania,2024-09-17,Kamala Harris,1663,49,815
Marist,2.9,-0.9,Pennsylvania,2024-09-17,Kamala Harris,1476,49,723
Marist,2.9,-0.9,Wisconsin,2024-09-17,Kamala Harris,1312,50,656
Marist,2.9,-0.9,Wisconsin,2024-09-17,Kamala Harris,1194,50,597
Marist,2.9,-0.9,Michigan,2024-09-17,Kamala Harris,1282,50,641
Marist,2.9,-0.9,Michigan,2024-09-17,Kamala Harris,1138,52,592
Quinnipiac,2.8,-0.5,Pennsylvania,2024-09-16,Kamala Harris,1331,51,679
Quinnipiac,2.8,-0.5,Pennsylvania,2024-09-16,Kamala Harris,1331,51,679
Quinnipiac,2.8,-0.5,Michigan,2024-09-16,Kamala Harris,905,50,452
Quinnipiac,2.8,-0.5,Michigan,2024-09-16,Kamala Harris,905,51,462
Quinnipiac,2.8,-0.5,Wisconsin,2024-09-16,Kamala Harris,1075,48,516
Quinnipiac,2.8,-0.5,Wisconsin,2024-09-16,Kamala Harris,1075,49,527
Siena/NYT,3,-1.5,Pennsylvania,2024-09-16,Kamala Harris,1082,50,541
Siena/NYT,3,-1.5,Pennsylvania,2024-09-16,Kamala Harris,1082,50,541
Siena/NYT,3,-1.5,Pennsylvania,2024-09-16,Kamala Harris,1082,48,519
Siena/NYT,3,-1.5,Pennsylvania,2024-09-16,Kamala Harris,1082,49,530
Emerson,2.9,-1.1,Maryland,2024-09-13,Kamala Harris,890,65.3,581
Emerson,2.9,-1.1,Other,2024-09-13,Kamala Harris,850,43.4,369
Emerson,2.9,-1.1,Other,2024-09-13,Kamala Harris,1000,40.7,407
Quinnipiac,2.8,-0.5,North Carolina,2024-09-08,Kamala Harris,940,49,461
Quinnipiac,2.8,-0.5,North Carolina,2024-09-08,Kamala Harris,940,50,470
Quinnipiac,2.8,-0.5,Georgia,2024-09-08,Kamala Harris,969,45,436
Quinnipiac,2.8,-0.5,Georgia,2024-09-08,Kamala Harris,969,46,446
YouGov,3,-1.1,Michigan,2024-09-06,Kamala Harris,1077,50,538
YouGov,3,-1.1,Pennsylvania,2024-09-06,Kamala Harris,1078,50,539
YouGov,3,-1.1,Wisconsin,2024-09-06,Kamala Harris,946,51,482
Emerson,2.9,-1.1,California,2024-09-05,Kamala Harris,815,60.8,496
Emerson,2.9,-1.1,Florida,2024-09-05,Kamala Harris,815,47.6,388
Emerson,2.9,-1.1,Texas,2024-09-05,Kamala Harris,845,48,406
Emerson,2.9,-1.1,Ohio,2024-09-05,Kamala Harris,945,44.7,422
YouGov,3,-1.1,Texas,2024-08-31,Kamala Harris,1200,44,528
YouGov,3,-1.1,Texas,2024-08-31,Kamala Harris,1200,44,528
Emerson,2.9,-1.1,Arizona,2024-08-28,Kamala Harris,720,47.5,342
Emerson,2.9,-1.1,Michigan,2024-08-28,Kamala Harris,800,51.2,410
Emerson,2.9,-1.1,Nevada,2024-08-28,Kamala Harris,1168,49.4,577
Emerson,2.9,-1.1,Pennsylvania,2024-08-28,Kamala Harris,950,49.4,469
Emerson,2.9,-1.1,Wisconsin,2024-08-28,Kamala Harris,850,49.1,417
Emerson,2.9,-1.1,North Carolina,2024-08-28,Kamala Harris,775,49,380
Emerson,2.9,-1.1,Georgia,2024-08-28,Kamala Harris,800,50.1,401
Beacon/Shaw,2.8,-1.1,Arizona,2024-08-26,Kamala Harris,1014,48,487
Beacon/Shaw,2.8,-1.1,Arizona,2024-08-26,Kamala Harris,1014,50,507
Beacon/Shaw,2.8,-1.1,Georgia,2024-08-26,Kamala Harris,1014,48,487
Beacon/Shaw,2.8,-1.1,Georgia,2024-08-26,Kamala Harris,1014,50,507
Beacon/Shaw,2.8,-1.1,Nevada,2024-08-26,Kamala Harris,1026,48,492
Beacon/Shaw,2.8,-1.1,Nevada,2024-08-26,Kamala Harris,1026,50,513
Beacon/Shaw,2.8,-1.1,North Carolina,2024-08-26,Kamala Harris,999,47,470
Beacon/Shaw,2.8,-1.1,North Carolina,2024-08-26,Kamala Harris,999,49,490
YouGov,3,-1.1,Pennsylvania,2024-08-23,Kamala Harris,500,43,215
YouGov,3,-1.1,Pennsylvania,2024-08-23,Kamala Harris,500,43,215
YouGov,3,-1.1,Wisconsin,2024-08-23,Kamala Harris,500,48,240
YouGov,3,-1.1,Wisconsin,2024-08-23,Kamala Harris,500,45,225
YouGov,3,-1.1,Michigan,2024-08-23,Kamala Harris,500,44,220
YouGov,3,-1.1,Michigan,2024-08-23,Kamala Harris,500,44,220
Emerson,2.9,-1.1,New Mexico,2024-08-22,Kamala Harris,965,53.6,517
Emerson,2.9,-1.1,New Mexico,2024-08-22,Kamala Harris,965,51,492
YouGov,3,-1.1,Other,2024-08-16,Kamala Harris,900,41,369
Siena/NYT,3,-1.5,Nevada,2024-08-15,Kamala Harris,677,46,311
Siena/NYT,3,-1.5,Nevada,2024-08-15,Kamala Harris,677,47,318
Siena/NYT,3,-1.5,Nevada,2024-08-15,Kamala Harris,677,42,284
Siena/NYT,3,-1.5,Nevada,2024-08-15,Kamala Harris,677,44,298
Siena/NYT,3,-1.5,Arizona,2024-08-15,Kamala Harris,677,49,332
Siena/NYT,3,-1.5,Arizona,2024-08-15,Kamala Harris,677,50,338
Siena/NYT,3,-1.5,Arizona,2024-08-15,Kamala Harris,677,45,305
Siena/NYT,3,-1.5,Arizona,2024-08-15,Kamala Harris,677,47,318
Emerson,2.9,-1.1,Pennsylvania,2024-08-14,Kamala Harris,1000,49.3,493
Emerson,2.9,-1.1,Pennsylvania,2024-08-14,Kamala Harris,1000,46.8,468
Siena/NYT,3,-1.5,North Carolina,2024-08-14,Kamala Harris,655,49,321
Siena/NYT,3,-1.5,North Carolina,2024-08-14,Kamala Harris,655,49,321
Siena/NYT,3,-1.5,North Carolina,2024-08-14,Kamala Harris,655,45,295
Siena/NYT,3,-1.5,North Carolina,2024-08-14,Kamala Harris,655,46,301
Siena/NYT,3,-1.5,Georgia,2024-08-14,Kamala Harris,661,44,291
Siena/NYT,3,-1.5,Georgia,2024-08-14,Kamala Harris,661,46,304
Siena/NYT,3,-1.5,Georgia,2024-08-14,Kamala Harris,661,41,271
Siena/NYT,3,-1.5,Georgia,2024-08-14,Kamala Harris,661,44,291
Quinnipiac,2.8,-0.5,Pennsylvania,2024-08-12,Kamala Harris,1738,48,834
Quinnipiac,2.8,-0.5,Pennsylvania,2024-08-12,Kamala Harris,1738,50,869
Siena/NYT,3,-1.5,Pennsylvania,2024-08-09,Kamala Harris,693,49,340
Siena/NYT,3,-1.5,Pennsylvania,2024-08-09,Kamala Harris,693,50,346
Siena/NYT,3,-1.5,Pennsylvania,2024-08-09,Kamala Harris,693,45,312
Siena/NYT,3,-1.5,Pennsylvania,2024-08-09,Kamala Harris,693,46,319
Siena/NYT,3,-1.5,Michigan,2024-08-08,Kamala Harris,619,45,279
Siena/NYT,3,-1.5,Michigan,2024-08-08,Kamala Harris,619,50,310
Siena/NYT,3,-1.5,Michigan,2024-08-08,Kamala Harris,619,44,272
Siena/NYT,3,-1.5,Michigan,2024-08-08,Kamala Harris,619,48,297
Siena/NYT,3,-1.5,Wisconsin,2024-08-08,Kamala Harris,661,50,330
Siena/NYT,3,-1.5,Wisconsin,2024-08-08,Kamala Harris,661,50,330
Siena/NYT,3,-1.5,Wisconsin,2024-08-08,Kamala Harris,661,49,324
Siena/NYT,3,-1.5,Wisconsin,2024-08-08,Kamala Harris,661,49,324
Emerson,2.9,-1.1,Montana,2024-08-06,Kamala Harris,1000,42.5,425
Emerson,2.9,-1.1,Montana,2024-08-06,Kamala Harris,1000,39,390
Emerson,2.9,-1.1,New Hampshire,2024-07-28,Kamala Harris,1000,52.4,524
Emerson,2.9,-1.1,New Hampshire,2024-07-28,Kamala Harris,1000,47.7,477
Beacon/Shaw,2.8,-1.1,Wisconsin,2024-07-24,Kamala Harris,1046,46,481
Beacon/Shaw,2.8,-1.1,Wisconsin,2024-07-24,Kamala Harris,1046,49,513
Beacon/Shaw,2.8,-1.1,Pennsylvania,2024-07-24,Kamala Harris,1034,45,465
Beacon/Shaw,2.8,-1.1,Pennsylvania,2024-07-24,Kamala Harris,1034,49,507
Beacon/Shaw,2.8,-1.1,Minnesota,2024-07-24,Kamala Harris,1071,47,503
Beacon/Shaw,2.8,-1.1,Minnesota,2024-07-24,Kamala Harris,1071,52,557
Beacon/Shaw,2.8,-1.1,Michigan,2024-07-24,Kamala Harris,1012,43,435
Beacon/Shaw,2.8,-1.1,Michigan,2024-07-24,Kamala Harris,1012,49,496
Emerson,2.9,-1.1,Arizona,2024-07-23,Kamala Harris,800,47.4,379
Emerson,2.9,-1.1,Arizona,2024-07-23,Kamala Harris,800,39.8,318
Emerson,2.9,-1.1,Georgia,2024-07-23,Kamala Harris,800,48.9,391
Emerson,2.9,-1.1,Georgia,2024-07-23,Kamala Harris,800,43.3,346
Emerson,2.9,-1.1,Michigan,2024-07-23,Kamala Harris,800,49.1,393
Emerson,2.9,-1.1,Michigan,2024-07-23,Kamala Harris,800,43.8,350
Emerson,2.9,-1.1,Wisconsin,2024-07-23,Kamala Harris,845,50.6,428
Emerson,2.9,-1.1,Wisconsin,2024-07-23,Kamala Harris,845,45.4,384
Emerson,2.9,-1.1,Pennsylvania,2024-07-23,Kamala Harris,850,48.9,416
Emerson,2.9,-1.1,Pennsylvania,2024-07-23,Kamala Harris,850,44.3,377
